image,image_path,xmin,ymin,xmax,ymax,label,confidence,x_size,y_size
1.jpg,/app/images/19110736/raw/1.jpg,51,0,205,136,0,0.9896641969680786,300,225
0.jpg,/app/images/19110736/raw/0.jpg,156,39,249,149,0,0.4003485441207886,300,225
2.jpg,/app/images/19110736/raw/2.jpg,51,8,209,150,0,0.9483506083488464,300,225
3.jpg,/app/images/19110736/raw/3.jpg,94,46,221,198,0,0.9387444853782654,300,225
4.jpg,/app/images/19110736/raw/4.jpg,7,0,208,211,0,0.9620328545570374,231,239
