image,image_path,xmin,ymin,xmax,ymax,label,confidence,x_size,y_size
1.jpg,/app/images/13525897/raw/1.jpg,148,91,247,200,0,0.8972474932670593,300,425
5.jpg,/app/images/13525897/raw/5.jpg,90,11,199,125,0,0.7872034311294556,300,300
0.jpg,/app/images/13525897/raw/0.jpg,125,15,270,185,0,0.9976212978363037,300,300
2.jpg,/app/images/13525897/raw/2.jpg,139,112,262,234,0,0.45261451601982117,300,300
2.jpg,/app/images/13525897/raw/2.jpg,80,57,209,135,0,0.4668786823749542,300,300
2.jpg,/app/images/13525897/raw/2.jpg,30,92,149,228,0,0.6255124807357788,300,300
3.jpg,/app/images/13525897/raw/3.jpg,120,12,248,130,0,0.7850873470306396,300,300
4.jpg,/app/images/13525897/raw/4.jpg,77,42,284,221,0,0.9989638328552246,300,300
