image,image_path,xmin,ymin,xmax,ymax,label,confidence,x_size,y_size
1.jpg,/app/images/22409558/raw/1.jpg,45,27,266,240,0,0.9996650218963623,300,337
5.jpg,/app/images/22409558/raw/5.jpg,79,82,241,233,0,0.9838592410087585,300,345
0.jpg,/app/images/22409558/raw/0.jpg,100,22,260,193,0,0.9925791621208191,300,328
2.jpg,/app/images/22409558/raw/2.jpg,23,46,149,152,0,0.880627453327179,300,226
3.jpg,/app/images/22409558/raw/3.jpg,61,38,217,198,0,0.6942951679229736,300,448
4.jpg,/app/images/22409558/raw/4.jpg,116,10,283,166,0,0.9914419651031494,300,200
