image,image_path,xmin,ymin,xmax,ymax,label,confidence,x_size,y_size
1.jpg,/app/images/30493337/raw/1.jpg,18,26,300,291,0,0.9976328611373901,300,399
0.jpg,/app/images/30493337/raw/0.jpg,15,26,268,226,0,0.9981986284255981,300,399
2.jpg,/app/images/30493337/raw/2.jpg,116,65,267,223,0,0.8619358539581299,300,399
3.jpg,/app/images/30493337/raw/3.jpg,145,67,271,218,0,0.8712103366851807,300,399
4.jpg,/app/images/30493337/raw/4.jpg,142,62,271,210,0,0.7431416511535645,300,399
