image,image_path,xmin,ymin,xmax,ymax,label,confidence,x_size,y_size
1.jpg,/app/images/32258247/raw/1.jpg,50,24,211,149,0,0.9956150650978088,300,199
0.jpg,/app/images/32258247/raw/0.jpg,89,10,256,156,0,0.9908469915390015,300,257
2.jpg,/app/images/32258247/raw/2.jpg,4,9,285,246,0,0.9988425374031067,300,300
3.jpg,/app/images/32258247/raw/3.jpg,29,10,253,155,0,0.9958969950675964,300,199
4.jpg,/app/images/32258247/raw/4.jpg,96,16,258,213,0,0.9564525485038757,300,213
