image,image_path,xmin,ymin,xmax,ymax,label,confidence,x_size,y_size
1.jpg,/app/images/28415165/raw/1.jpg,155,41,224,108,0,0.9806165099143982,300,200
0.jpg,/app/images/28415165/raw/0.jpg,68,0,200,146,0,0.9878664016723633,300,199
2.jpg,/app/images/28415165/raw/2.jpg,105,24,167,97,0,0.9830594062805176,300,211
3.jpg,/app/images/28415165/raw/3.jpg,83,134,180,275,0,0.26169148087501526,300,343
4.jpg,/app/images/28415165/raw/4.jpg,38,5,279,162,0,0.58122718334198,300,198
