image,image_path,xmin,ymin,xmax,ymax,label,confidence,x_size,y_size
1.jpg,/app/images/28553106/raw/1.jpg,15,34,127,121,0,0.8315219879150391,300,225
0.jpg,/app/images/28553106/raw/0.jpg,111,0,290,156,0,0.9898849129676819,300,225
2.jpg,/app/images/28553106/raw/2.jpg,42,16,159,128,0,0.9658997058868408,300,225
3.jpg,/app/images/28553106/raw/3.jpg,12,0,108,100,0,0.861480176448822,300,184
4.jpg,/app/images/28553106/raw/4.jpg,8,146,94,243,0,0.3529786169528961,300,300
