image,image_path,xmin,ymin,xmax,ymax,label,confidence,x_size,y_size
1.jpg,/app/images/29229445/raw/1.jpg,65,144,263,333,0,0.9810264110565186,300,411
0.jpg,/app/images/29229445/raw/0.jpg,38,25,236,202,0,0.9997645020484924,300,294
2.jpg,/app/images/29229445/raw/2.jpg,153,25,283,134,0,0.9845392107963562,300,255
3.jpg,/app/images/29229445/raw/3.jpg,83,35,241,182,0,0.9652944207191467,300,398
4.jpg,/app/images/29229445/raw/4.jpg,29,10,130,144,0,0.7942154407501221,300,327
