image,image_path,xmin,ymin,xmax,ymax,label,confidence,x_size,y_size
1.jpg,/app/images/15105275/raw/1.jpg,23,25,97,92,0,0.40320485830307007,300,199
0.jpg,/app/images/15105275/raw/0.jpg,22,26,262,268,0,0.9821239113807678,300,450
2.jpg,/app/images/15105275/raw/2.jpg,43,1,129,112,0,0.6425062417984009,300,199
3.jpg,/app/images/15105275/raw/3.jpg,106,43,190,128,0,0.4156349301338196,300,199
4.jpg,/app/images/15105275/raw/4.jpg,66,2,177,115,0,0.9595760703086853,300,199
