image,image_path,xmin,ymin,xmax,ymax,label,confidence,x_size,y_size
1.jpg,/app/images/27115031/raw/1.jpg,149,31,230,96,0,0.7091431617736816,300,225
5.jpg,/app/images/27115031/raw/5.jpg,153,132,230,203,0,0.467922180891037,300,400
0.jpg,/app/images/27115031/raw/0.jpg,59,17,227,210,0,0.8809693455696106,300,402
2.jpg,/app/images/27115031/raw/2.jpg,152,6,219,85,0,0.9602536559104919,300,400
3.jpg,/app/images/27115031/raw/3.jpg,0,2,278,295,0,0.998807966709137,300,423
