image,image_path,xmin,ymin,xmax,ymax,label,confidence,x_size,y_size
1.jpg,/app/images/29663318/raw/1.jpg,68,42,129,110,0,0.9533688426017761,300,168
5.jpg,/app/images/29663318/raw/5.jpg,153,109,289,252,0,0.3345069885253906,300,469
0.jpg,/app/images/29663318/raw/0.jpg,0,4,280,215,0,0.9998257160186768,300,285
2.jpg,/app/images/29663318/raw/2.jpg,0,273,117,334,0,0.3885832726955414,300,334
2.jpg,/app/images/29663318/raw/2.jpg,137,96,264,218,0,0.9751349687576294,300,334
3.jpg,/app/images/29663318/raw/3.jpg,163,127,283,241,0,0.6836881637573242,300,318
4.jpg,/app/images/29663318/raw/4.jpg,152,203,256,282,0,0.860322892665863,300,392
