image,image_path,xmin,ymin,xmax,ymax,label,confidence,x_size,y_size
1.jpg,/app/images/23186732/raw/1.jpg,155,34,242,128,0,0.737459123134613,300,374
5.jpg,/app/images/23186732/raw/5.jpg,44,2,290,203,0,0.9988865256309509,300,254
0.jpg,/app/images/23186732/raw/0.jpg,102,0,242,135,0,0.9828473925590515,300,279
2.jpg,/app/images/23186732/raw/2.jpg,131,69,231,166,0,0.9079431295394897,300,400
3.jpg,/app/images/23186732/raw/3.jpg,207,27,286,95,0,0.8388208150863647,300,240
4.jpg,/app/images/23186732/raw/4.jpg,24,31,175,230,0,0.9931207299232483,300,301
