image,image_path,xmin,ymin,xmax,ymax,label,confidence,x_size,y_size
0.jpg,/app/images/26968501/raw/0.jpg,44,6,268,168,0,0.9993994235992432,279,252
2.jpg,/app/images/26968501/raw/2.jpg,63,27,180,110,0,0.289705365896225,300,176
3.jpg,/app/images/26968501/raw/3.jpg,15,45,69,109,0,0.32480934262275696,300,217
3.jpg,/app/images/26968501/raw/3.jpg,213,30,280,106,0,0.6737050414085388,300,217
4.jpg,/app/images/26968501/raw/4.jpg,228,4,288,60,0,0.8715455532073975,300,185
