image,image_path,xmin,ymin,xmax,ymax,label,confidence,x_size,y_size
1.jpg,/app/images/25857626/raw/1.jpg,29,27,226,210,0,0.9994578957557678,300,300
0.jpg,/app/images/25857626/raw/0.jpg,17,1,241,244,0,0.9995854496955872,300,295
2.jpg,/app/images/25857626/raw/2.jpg,30,17,179,165,0,0.9903225302696228,300,300
3.jpg,/app/images/25857626/raw/3.jpg,56,14,233,178,0,0.9515631794929504,300,406
4.jpg,/app/images/25857626/raw/4.jpg,81,12,171,122,0,0.5307769179344177,300,225
