image,image_path,xmin,ymin,xmax,ymax,label,confidence,x_size,y_size
1.jpg,/app/images/30806905/raw/1.jpg,48,54,236,228,0,0.9707645177841187,300,400
5.jpg,/app/images/30806905/raw/5.jpg,190,47,239,96,0,0.7477091550827026,300,225
0.jpg,/app/images/30806905/raw/0.jpg,9,21,254,239,0,0.9988816380500793,300,400
2.jpg,/app/images/30806905/raw/2.jpg,200,63,267,136,0,0.8489392399787903,300,303
3.jpg,/app/images/30806905/raw/3.jpg,33,20,175,142,0,0.9618465900421143,300,311
4.jpg,/app/images/30806905/raw/4.jpg,65,43,165,169,0,0.2574325501918793,300,400
4.jpg,/app/images/30806905/raw/4.jpg,119,217,211,296,0,0.589078426361084,300,400
