image,image_path,xmin,ymin,xmax,ymax,label,confidence,x_size,y_size
1.jpg,/app/images/32298155/raw/1.jpg,10,26,149,142,0,0.9699658155441284,300,225
5.jpg,/app/images/32298155/raw/5.jpg,54,27,286,214,0,0.9889557957649231,300,300
0.jpg,/app/images/32298155/raw/0.jpg,88,55,227,205,0,0.65370112657547,300,400
2.jpg,/app/images/32298155/raw/2.jpg,51,1,271,228,0,0.9998867511749268,300,290
3.jpg,/app/images/32298155/raw/3.jpg,85,55,195,202,0,0.4972589910030365,300,400
4.jpg,/app/images/32298155/raw/4.jpg,68,59,255,299,0,0.979668140411377,300,431
