image,image_path,xmin,ymin,xmax,ymax,label,confidence,x_size,y_size
1.jpg,/app/images/31238726/raw/1.jpg,38,0,129,97,0,0.2955954670906067,300,200
5.jpg,/app/images/31238726/raw/5.jpg,49,14,225,172,0,0.9924756288528442,300,225
0.jpg,/app/images/31238726/raw/0.jpg,127,1,199,75,0,0.8554786443710327,300,199
2.jpg,/app/images/31238726/raw/2.jpg,87,11,230,155,0,0.9911320209503174,300,199
3.jpg,/app/images/31238726/raw/3.jpg,115,51,229,163,0,0.949347734451294,300,226
4.jpg,/app/images/31238726/raw/4.jpg,93,11,222,156,0,0.989616334438324,300,222
