image,image_path,xmin,ymin,xmax,ymax,label,confidence,x_size,y_size
1.jpg,/app/images/24945747/raw/1.jpg,13,50,128,137,0,0.7075408697128296,300,257
0.jpg,/app/images/24945747/raw/0.jpg,67,27,265,218,0,0.9330371618270874,300,454
2.jpg,/app/images/24945747/raw/2.jpg,99,15,218,151,0,0.44377779960632324,300,260
3.jpg,/app/images/24945747/raw/3.jpg,42,68,120,131,0,0.2738279700279236,300,225
4.jpg,/app/images/24945747/raw/4.jpg,61,29,147,106,0,0.5284127593040466,300,225
