image,image_path,xmin,ymin,xmax,ymax,label,confidence,x_size,y_size
1.jpg,/app/images/28194229/raw/1.jpg,125,61,200,120,0,0.6126408576965332,300,225
5.jpg,/app/images/28194229/raw/5.jpg,8,6,152,145,0,0.9647539854049683,300,363
0.jpg,/app/images/28194229/raw/0.jpg,186,1,284,130,0,0.9106695652008057,300,219
2.jpg,/app/images/28194229/raw/2.jpg,116,2,276,177,0,0.9935944676399231,300,209
3.jpg,/app/images/28194229/raw/3.jpg,83,23,292,185,0,0.9646110534667969,300,455
4.jpg,/app/images/28194229/raw/4.jpg,180,6,294,105,0,0.8946852684020996,300,180
