image,image_path,xmin,ymin,xmax,ymax,label,confidence,x_size,y_size
1.jpg,/app/images/28189485/raw/1.jpg,41,20,292,280,0,0.9997765421867371,300,375
5.jpg,/app/images/28189485/raw/5.jpg,61,0,298,259,0,0.9711687564849854,300,455
0.jpg,/app/images/28189485/raw/0.jpg,19,4,167,146,0,0.9819255471229553,300,235
2.jpg,/app/images/28189485/raw/2.jpg,46,25,243,190,0,0.936549961566925,300,450
4.jpg,/app/images/28189485/raw/4.jpg,65,0,160,82,0,0.8363518118858337,300,400
