image,image_path,xmin,ymin,xmax,ymax,label,confidence,x_size,y_size
1.jpg,/app/images/27935106/raw/1.jpg,67,12,192,138,0,0.961858868598938,300,295
5.jpg,/app/images/27935106/raw/5.jpg,49,17,211,173,0,0.8930405378341675,271,416
0.jpg,/app/images/27935106/raw/0.jpg,14,9,120,114,0,0.9998294115066528,140,135
2.jpg,/app/images/27935106/raw/2.jpg,26,22,131,121,0,0.7580134868621826,261,318
3.jpg,/app/images/27935106/raw/3.jpg,46,11,184,178,0,0.9336155652999878,300,362
4.jpg,/app/images/27935106/raw/4.jpg,43,36,119,115,0,0.9084869027137756,300,200
