image,image_path,xmin,ymin,xmax,ymax,label,confidence,x_size,y_size
1.jpg,/app/images/30666975/raw/1.jpg,140,33,251,133,0,0.9351203441619873,300,200
0.jpg,/app/images/30666975/raw/0.jpg,158,76,238,154,0,0.742592453956604,300,214
2.jpg,/app/images/30666975/raw/2.jpg,161,6,264,109,0,0.9634854793548584,300,200
3.jpg,/app/images/30666975/raw/3.jpg,8,2,261,259,0,0.9952276945114136,300,450
4.jpg,/app/images/30666975/raw/4.jpg,134,15,194,82,0,0.8836822509765625,300,200
