image,image_path,xmin,ymin,xmax,ymax,label,confidence,x_size,y_size
1.jpg,/app/images/31156065/raw/1.jpg,86,10,194,124,0,0.9007304906845093,300,399
0.jpg,/app/images/31156065/raw/0.jpg,87,108,239,232,0,0.5371614098548889,300,400
2.jpg,/app/images/31156065/raw/2.jpg,82,40,240,197,0,0.9783672094345093,300,375
3.jpg,/app/images/31156065/raw/3.jpg,83,92,253,268,0,0.9674727916717529,300,400
4.jpg,/app/images/31156065/raw/4.jpg,97,12,216,157,0,0.5533673167228699,300,400
