image,image_path,xmin,ymin,xmax,ymax,label,confidence,x_size,y_size
1.jpg,/app/images/31103833/raw/1.jpg,43,48,94,107,0,0.9097285866737366,300,200
5.jpg,/app/images/31103833/raw/5.jpg,5,81,108,183,0,0.5293606519699097,300,225
5.jpg,/app/images/31103833/raw/5.jpg,160,76,229,168,0,0.9169653654098511,300,225
0.jpg,/app/images/31103833/raw/0.jpg,135,23,216,107,0,0.44718506932258606,300,200
2.jpg,/app/images/31103833/raw/2.jpg,63,0,153,77,0,0.6204901933670044,300,199
3.jpg,/app/images/31103833/raw/3.jpg,46,11,207,172,0,0.986652135848999,300,225
4.jpg,/app/images/31103833/raw/4.jpg,129,3,260,161,0,0.974962592124939,300,225
