image,image_path,xmin,ymin,xmax,ymax,label,confidence,x_size,y_size
1.jpg,/app/images/30379579/raw/1.jpg,51,0,292,196,0,0.9997333884239197,300,225
5.jpg,/app/images/30379579/raw/5.jpg,28,0,222,235,0,0.9722492098808289,300,400
0.jpg,/app/images/30379579/raw/0.jpg,150,13,276,125,0,0.9704675078392029,300,209
2.jpg,/app/images/30379579/raw/2.jpg,63,5,244,163,0,0.9726050496101379,300,400
3.jpg,/app/images/30379579/raw/3.jpg,66,0,295,175,0,0.9993783235549927,300,225
4.jpg,/app/images/30379579/raw/4.jpg,45,0,237,145,0,0.9950267672538757,300,225
