image,image_path,xmin,ymin,xmax,ymax,label,confidence,x_size,y_size
1.jpg,/app/images/22351255/raw/1.jpg,38,0,143,95,0,0.7797895073890686,300,225
5.jpg,/app/images/22351255/raw/5.jpg,90,30,242,168,0,0.9097764492034912,300,225
0.jpg,/app/images/22351255/raw/0.jpg,116,0,290,193,0,0.9985597729682922,300,278
2.jpg,/app/images/22351255/raw/2.jpg,16,35,125,146,0,0.7119627594947815,300,225
3.jpg,/app/images/22351255/raw/3.jpg,84,42,168,118,0,0.4621877670288086,300,225
4.jpg,/app/images/22351255/raw/4.jpg,60,0,205,136,0,0.9933289289474487,300,225
