image,image_path,xmin,ymin,xmax,ymax,label,confidence,x_size,y_size
1.jpg,/app/images/29872984/raw/1.jpg,0,22,270,310,0,0.9274613261222839,271,640
5.jpg,/app/images/29872984/raw/5.jpg,38,63,181,212,0,0.9568476676940918,300,356
0.jpg,/app/images/29872984/raw/0.jpg,128,245,189,284,0,0.360307902097702,300,298
0.jpg,/app/images/29872984/raw/0.jpg,79,7,184,125,0,0.909637987613678,300,298
2.jpg,/app/images/29872984/raw/2.jpg,111,34,260,169,0,0.8308900594711304,300,389
3.jpg,/app/images/29872984/raw/3.jpg,38,63,181,212,0,0.9568476676940918,300,356
4.jpg,/app/images/29872984/raw/4.jpg,111,34,260,169,0,0.8308900594711304,300,389
