image,image_path,xmin,ymin,xmax,ymax,label,confidence,x_size,y_size
1.jpg,/app/images/31407348/raw/1.jpg,76,35,188,156,0,0.6971849799156189,240,320
5.jpg,/app/images/31407348/raw/5.jpg,12,0,256,276,0,0.9997077584266663,300,400
0.jpg,/app/images/31407348/raw/0.jpg,15,8,207,206,0,0.9997825026512146,240,320
2.jpg,/app/images/31407348/raw/2.jpg,76,10,181,137,0,0.907403826713562,240,320
3.jpg,/app/images/31407348/raw/3.jpg,69,0,247,184,0,0.9627760648727417,300,400
4.jpg,/app/images/31407348/raw/4.jpg,15,8,127,112,0,0.792611837387085,300,204
