image,image_path,xmin,ymin,xmax,ymax,label,confidence,x_size,y_size
1.jpg,/app/images/31944939/raw/1.jpg,36,74,165,246,0,0.6813338994979858,300,450
0.jpg,/app/images/31944939/raw/0.jpg,72,76,218,216,0,0.7689683437347412,300,399
2.jpg,/app/images/31944939/raw/2.jpg,138,13,262,113,0,0.957858681678772,300,225
3.jpg,/app/images/31944939/raw/3.jpg,47,48,227,226,0,0.9868121147155762,300,399
4.jpg,/app/images/31944939/raw/4.jpg,13,5,117,76,0,0.6253085732460022,300,108
