image,image_path,xmin,ymin,xmax,ymax,label,confidence,x_size,y_size
1.jpg,/app/images/30732615/raw/1.jpg,47,0,238,157,0,0.9971675276756287,300,285
0.jpg,/app/images/30732615/raw/0.jpg,64,18,224,171,0,0.9449945688247681,300,397
2.jpg,/app/images/30732615/raw/2.jpg,44,88,246,276,0,0.9726729989051819,300,468
3.jpg,/app/images/30732615/raw/3.jpg,26,41,133,141,0,0.9290841221809387,300,199
4.jpg,/app/images/30732615/raw/4.jpg,6,13,154,153,0,0.988743007183075,300,225
