image,image_path,xmin,ymin,xmax,ymax,label,confidence,x_size,y_size
1.jpg,/app/images/13010040/raw/1.jpg,112,20,253,172,0,0.9507410526275635,300,225
0.jpg,/app/images/13010040/raw/0.jpg,118,0,210,81,0,0.8028067946434021,300,168
2.jpg,/app/images/13010040/raw/2.jpg,59,43,174,147,0,0.7285935282707214,300,225
3.jpg,/app/images/13010040/raw/3.jpg,35,26,276,323,0,0.9873238205909729,300,499
4.jpg,/app/images/13010040/raw/4.jpg,0,14,282,278,0,0.9997573494911194,300,450
