image,image_path,xmin,ymin,xmax,ymax,label,confidence,x_size,y_size
1.jpg,/app/images/32148220/raw/1.jpg,132,42,184,106,0,0.9811584949493408,300,199
1.jpg,/app/images/32148220/raw/1.jpg,206,65,264,123,0,0.9832562804222107,300,199
0.jpg,/app/images/32148220/raw/0.jpg,105,28,182,98,0,0.7859780192375183,300,225
2.jpg,/app/images/32148220/raw/2.jpg,123,0,270,141,0,0.9905890226364136,300,200
3.jpg,/app/images/32148220/raw/3.jpg,102,9,204,64,0,0.7391046285629272,300,200
4.jpg,/app/images/32148220/raw/4.jpg,56,42,137,100,0,0.8221293687820435,300,225
