image,image_path,xmin,ymin,xmax,ymax,label,confidence,x_size,y_size
1.jpg,/app/images/24476756/raw/1.jpg,108,6,216,120,0,0.862978994846344,300,225
5.jpg,/app/images/24476756/raw/5.jpg,0,4,164,179,0,0.6143399477005005,300,510
0.jpg,/app/images/24476756/raw/0.jpg,26,8,244,294,0,0.9631658792495728,300,561
2.jpg,/app/images/24476756/raw/2.jpg,87,10,286,221,0,0.9702397584915161,300,525
3.jpg,/app/images/24476756/raw/3.jpg,0,35,104,145,0,0.8148292303085327,300,224
4.jpg,/app/images/24476756/raw/4.jpg,18,35,192,214,0,0.995752215385437,300,311
