image,image_path,xmin,ymin,xmax,ymax,label,confidence,x_size,y_size
1.jpg,/app/images/29981898/raw/1.jpg,78,23,210,139,0,0.9637914299964905,300,300
0.jpg,/app/images/29981898/raw/0.jpg,68,9,253,177,0,0.973371684551239,300,300
2.jpg,/app/images/29981898/raw/2.jpg,155,54,247,121,0,0.7199057340621948,300,225
3.jpg,/app/images/29981898/raw/3.jpg,45,26,170,148,0,0.7219411134719849,300,300
4.jpg,/app/images/29981898/raw/4.jpg,84,0,272,175,0,0.9983373284339905,300,300
