image,image_path,xmin,ymin,xmax,ymax,label,confidence,x_size,y_size
1.jpg,/app/images/25287032/raw/1.jpg,180,0,299,60,0,0.2973094582557678,300,225
1.jpg,/app/images/25287032/raw/1.jpg,143,60,206,138,0,0.6041640639305115,300,225
0.jpg,/app/images/25287032/raw/0.jpg,0,123,103,210,0,0.4634143114089966,300,225
2.jpg,/app/images/25287032/raw/2.jpg,62,37,206,164,0,0.9551094770431519,300,225
3.jpg,/app/images/25287032/raw/3.jpg,134,6,264,123,0,0.9211743474006653,300,171
4.jpg,/app/images/25287032/raw/4.jpg,106,96,184,166,0,0.9407703876495361,300,400
