image,image_path,xmin,ymin,xmax,ymax,label,confidence,x_size,y_size
1.jpg,/app/images/21919411/raw/1.jpg,52,8,158,105,0,0.6993719935417175,300,225
0.jpg,/app/images/21919411/raw/0.jpg,100,11,221,141,0,0.9669623970985413,300,199
2.jpg,/app/images/21919411/raw/2.jpg,153,28,277,105,0,0.6648874878883362,300,127
3.jpg,/app/images/21919411/raw/3.jpg,120,8,241,146,0,0.9819069504737854,300,199
4.jpg,/app/images/21919411/raw/4.jpg,119,37,203,131,0,0.5612083673477173,300,199
