image,image_path,xmin,ymin,xmax,ymax,label,confidence,x_size,y_size
1.jpg,/app/images/22775239/raw/1.jpg,18,13,153,149,0,0.9601390361785889,300,246
0.jpg,/app/images/22775239/raw/0.jpg,14,8,119,113,0,0.9998674392700195,140,135
2.jpg,/app/images/22775239/raw/2.jpg,12,13,115,126,0,0.5648043155670166,300,162
3.jpg,/app/images/22775239/raw/3.jpg,62,14,170,115,0,0.45282769203186035,300,326
4.jpg,/app/images/22775239/raw/4.jpg,110,20,279,182,0,0.9453198909759521,300,429
