image,image_path,xmin,ymin,xmax,ymax,label,confidence,x_size,y_size
1.jpg,/app/images/18213945/raw/1.jpg,135,55,222,152,0,0.6796136498451233,300,300
5.jpg,/app/images/18213945/raw/5.jpg,212,101,286,173,0,0.9585468769073486,300,300
0.jpg,/app/images/18213945/raw/0.jpg,68,11,211,144,0,0.9891412258148193,300,300
2.jpg,/app/images/18213945/raw/2.jpg,141,112,260,234,0,0.3846897482872009,300,300
2.jpg,/app/images/18213945/raw/2.jpg,81,56,208,135,0,0.4607708156108856,300,300
2.jpg,/app/images/18213945/raw/2.jpg,30,92,149,228,0,0.6605193614959717,300,300
3.jpg,/app/images/18213945/raw/3.jpg,5,23,239,237,0,0.9990386366844177,300,300
