image,image_path,xmin,ymin,xmax,ymax,label,confidence,x_size,y_size
1.jpg,/app/images/15499650/raw/1.jpg,47,9,131,96,0,0.813928484916687,300,200
5.jpg,/app/images/15499650/raw/5.jpg,239,88,293,143,0,0.27410805225372314,300,186
0.jpg,/app/images/15499650/raw/0.jpg,41,64,99,135,0,0.8802217245101929,300,224
2.jpg,/app/images/15499650/raw/2.jpg,37,22,160,143,0,0.3340669274330139,300,373
3.jpg,/app/images/15499650/raw/3.jpg,56,59,207,221,0,0.8744591474533081,300,400
4.jpg,/app/images/15499650/raw/4.jpg,138,106,221,176,0,0.92347252368927,300,400
