image,image_path,xmin,ymin,xmax,ymax,label,confidence,x_size,y_size
1.jpg,/app/images/20193875/raw/1.jpg,130,4,238,92,0,0.45344865322113037,300,199
5.jpg,/app/images/20193875/raw/5.jpg,76,0,210,131,0,0.9794394969940186,300,199
0.jpg,/app/images/20193875/raw/0.jpg,8,28,77,112,0,0.9203197360038757,300,200
2.jpg,/app/images/20193875/raw/2.jpg,78,0,230,153,0,0.9742078185081482,300,199
3.jpg,/app/images/20193875/raw/3.jpg,36,0,154,144,0,0.8705963492393494,300,200
4.jpg,/app/images/20193875/raw/4.jpg,47,9,265,231,0,0.9672520756721497,300,450
