image,image_path,xmin,ymin,xmax,ymax,label,confidence,x_size,y_size
1.jpg,/app/images/31927569/raw/1.jpg,47,23,288,287,0,0.9996684789657593,300,378
0.jpg,/app/images/31927569/raw/0.jpg,26,18,293,242,0,0.9998303651809692,300,366
2.jpg,/app/images/31927569/raw/2.jpg,0,19,297,273,0,0.9994779825210571,300,361
3.jpg,/app/images/31927569/raw/3.jpg,11,14,173,212,0,0.9945292472839355,200,252
4.jpg,/app/images/31927569/raw/4.jpg,121,0,276,164,0,0.9839515686035156,300,340
