image,image_path,xmin,ymin,xmax,ymax,label,confidence,x_size,y_size
1.jpg,/app/images/19415243/raw/1.jpg,51,10,222,171,0,0.9801836013793945,300,243
0.jpg,/app/images/19415243/raw/0.jpg,8,9,126,106,0,0.9996170997619629,140,135
2.jpg,/app/images/19415243/raw/2.jpg,22,30,137,143,0,0.5594404935836792,300,231
3.jpg,/app/images/19415243/raw/3.jpg,161,1,295,125,0,0.9576405882835388,300,290
4.jpg,/app/images/19415243/raw/4.jpg,133,5,267,125,0,0.981755793094635,300,195
