image,image_path,xmin,ymin,xmax,ymax,label,confidence,x_size,y_size
1.jpg,/app/images/24355208/raw/1.jpg,34,3,291,207,0,0.9991667866706848,300,352
0.jpg,/app/images/24355208/raw/0.jpg,39,0,173,136,0,0.9839169979095459,300,225
2.jpg,/app/images/24355208/raw/2.jpg,50,5,300,130,0,0.9855990409851074,300,225
3.jpg,/app/images/24355208/raw/3.jpg,50,0,155,103,0,0.6195071339607239,300,225
4.jpg,/app/images/24355208/raw/4.jpg,66,7,203,105,0,0.9897387623786926,300,225
