image,image_path,xmin,ymin,xmax,ymax,label,confidence,x_size,y_size
1.jpg,/app/images/29668928/raw/1.jpg,54,1,185,135,0,0.9592241644859314,300,293
5.jpg,/app/images/29668928/raw/5.jpg,38,87,144,193,0,0.6104336380958557,300,244
0.jpg,/app/images/29668928/raw/0.jpg,182,70,287,185,0,0.826244056224823,300,287
2.jpg,/app/images/29668928/raw/2.jpg,171,148,293,229,0,0.5930035710334778,300,413
3.jpg,/app/images/29668928/raw/3.jpg,141,7,293,189,0,0.8769939541816711,300,376
4.jpg,/app/images/29668928/raw/4.jpg,5,95,138,221,0,0.5035758018493652,300,400
