image,image_path,xmin,ymin,xmax,ymax,label,confidence,x_size,y_size
1.jpg,/app/images/20757582/raw/1.jpg,151,11,293,171,0,0.6362032294273376,300,400
5.jpg,/app/images/20757582/raw/5.jpg,122,46,268,183,0,0.8556593656539917,280,373
0.jpg,/app/images/20757582/raw/0.jpg,68,16,276,209,0,0.9871482253074646,280,373
2.jpg,/app/images/20757582/raw/2.jpg,115,13,259,144,0,0.8869688510894775,300,400
3.jpg,/app/images/20757582/raw/3.jpg,99,141,245,295,0,0.6051457524299622,300,400
4.jpg,/app/images/20757582/raw/4.jpg,64,64,246,286,0,0.27910977602005005,300,617
4.jpg,/app/images/20757582/raw/4.jpg,87,105,218,237,0,0.8221724629402161,300,617
