image,image_path,xmin,ymin,xmax,ymax,label,confidence,x_size,y_size
1.jpg,/app/images/31572239/raw/1.jpg,3,34,122,143,0,0.9640839695930481,300,300
5.jpg,/app/images/31572239/raw/5.jpg,26,0,243,165,0,0.9990001320838928,300,212
0.jpg,/app/images/31572239/raw/0.jpg,43,4,242,176,0,0.9917559623718262,300,249
2.jpg,/app/images/31572239/raw/2.jpg,3,34,154,155,0,0.9613059163093567,300,300
3.jpg,/app/images/31572239/raw/3.jpg,194,105,279,171,0,0.6444891691207886,300,260
4.jpg,/app/images/31572239/raw/4.jpg,101,4,211,92,0,0.5295028686523438,300,216
