image,image_path,xmin,ymin,xmax,ymax,label,confidence,x_size,y_size
1.jpg,/app/images/31265724/raw/1.jpg,78,17,211,145,0,0.9835996031761169,300,225
0.jpg,/app/images/31265724/raw/0.jpg,97,0,238,141,0,0.9793275594711304,300,225
2.jpg,/app/images/31265724/raw/2.jpg,91,31,216,95,0,0.5430952906608582,300,225
3.jpg,/app/images/31265724/raw/3.jpg,124,20,243,142,0,0.9359310269355774,300,225
4.jpg,/app/images/31265724/raw/4.jpg,103,14,214,160,0,0.7249928116798401,300,225
