image,image_path,xmin,ymin,xmax,ymax,label,confidence,x_size,y_size
1.jpg,/app/images/31944874/raw/1.jpg,73,19,201,141,0,0.9680221676826477,300,199
0.jpg,/app/images/31944874/raw/0.jpg,66,8,192,161,0,0.9878283739089966,300,225
2.jpg,/app/images/31944874/raw/2.jpg,106,32,202,139,0,0.8286152482032776,300,186
3.jpg,/app/images/31944874/raw/3.jpg,65,47,207,202,0,0.7487727999687195,300,399
4.jpg,/app/images/31944874/raw/4.jpg,116,80,201,177,0,0.7693780660629272,300,399
