image,image_path,xmin,ymin,xmax,ymax,label,confidence,x_size,y_size
1.jpg,/app/images/27615725/raw/1.jpg,44,24,91,89,0,0.9746743440628052,300,200
0.jpg,/app/images/27615725/raw/0.jpg,96,163,147,213,0,0.42407360672950745,300,400
2.jpg,/app/images/27615725/raw/2.jpg,141,40,176,99,0,0.34933069348335266,300,200
3.jpg,/app/images/27615725/raw/3.jpg,79,126,170,220,0,0.931059718132019,300,450
4.jpg,/app/images/27615725/raw/4.jpg,55,200,128,262,0,0.33016934990882874,300,400
