image,image_path,xmin,ymin,xmax,ymax,label,confidence,x_size,y_size
1.jpg,/app/images/31944870/raw/1.jpg,42,50,134,127,0,0.5398223996162415,300,208
0.jpg,/app/images/31944870/raw/0.jpg,121,68,173,125,0,0.9170379638671875,300,204
2.jpg,/app/images/31944870/raw/2.jpg,56,38,230,246,0,0.9642852544784546,300,399
3.jpg,/app/images/31944870/raw/3.jpg,66,72,149,163,0,0.3883691132068634,300,400
3.jpg,/app/images/31944870/raw/3.jpg,180,179,248,246,0,0.8420044183731079,300,400
4.jpg,/app/images/31944870/raw/4.jpg,30,101,136,164,0,0.36127474904060364,300,399
4.jpg,/app/images/31944870/raw/4.jpg,126,18,234,161,0,0.5193343758583069,300,399
