image,image_path,xmin,ymin,xmax,ymax,label,confidence,x_size,y_size
1.jpg,/app/images/27251402/raw/1.jpg,16,14,235,216,0,0.9997679591178894,300,334
5.jpg,/app/images/27251402/raw/5.jpg,120,32,242,140,0,0.9838093519210815,300,199
0.jpg,/app/images/27251402/raw/0.jpg,111,126,178,189,0,0.5530700087547302,300,233
0.jpg,/app/images/27251402/raw/0.jpg,142,0,219,62,0,0.9627645015716553,300,233
2.jpg,/app/images/27251402/raw/2.jpg,46,28,192,180,0,0.5102514028549194,300,400
3.jpg,/app/images/27251402/raw/3.jpg,30,23,104,95,0,0.6792455315589905,300,225
4.jpg,/app/images/27251402/raw/4.jpg,178,59,263,156,0,0.2588188350200653,300,450
4.jpg,/app/images/27251402/raw/4.jpg,190,74,250,134,0,0.5289907455444336,300,450
