image,image_path,xmin,ymin,xmax,ymax,label,confidence,x_size,y_size
1.jpg,/app/images/30147583/raw/1.jpg,30,17,157,147,0,0.5688889026641846,300,392
0.jpg,/app/images/30147583/raw/0.jpg,0,15,244,168,0,0.9902493357658386,300,168
2.jpg,/app/images/30147583/raw/2.jpg,50,65,236,220,0,0.9891126751899719,300,400
3.jpg,/app/images/30147583/raw/3.jpg,6,8,133,138,0,0.5805749893188477,300,174
4.jpg,/app/images/30147583/raw/4.jpg,14,15,155,127,0,0.7180585265159607,300,154
