image,image_path,xmin,ymin,xmax,ymax,label,confidence,x_size,y_size
1.jpg,/app/images/26356537/raw/1.jpg,113,19,246,157,0,0.990790605545044,300,278
5.jpg,/app/images/26356537/raw/5.jpg,7,5,102,94,0,0.8714151978492737,260,200
0.jpg,/app/images/26356537/raw/0.jpg,145,19,250,127,0,0.9633170366287231,300,232
2.jpg,/app/images/26356537/raw/2.jpg,79,84,241,248,0,0.2728738784790039,300,417
3.jpg,/app/images/26356537/raw/3.jpg,78,8,256,175,0,0.9998382329940796,260,200
4.jpg,/app/images/26356537/raw/4.jpg,177,64,295,145,0,0.2715502977371216,300,199
4.jpg,/app/images/26356537/raw/4.jpg,0,41,85,98,0,0.5655412673950195,300,199
