image,image_path,xmin,ymin,xmax,ymax,label,confidence,x_size,y_size
1.jpg,/app/images/30392907/raw/1.jpg,61,28,218,218,0,0.4227040708065033,300,534
5.jpg,/app/images/30392907/raw/5.jpg,90,8,155,94,0,0.9550444483757019,300,225
0.jpg,/app/images/30392907/raw/0.jpg,167,120,212,174,0,0.7383646368980408,300,233
0.jpg,/app/images/30392907/raw/0.jpg,129,8,200,84,0,0.7409912943840027,300,233
0.jpg,/app/images/30392907/raw/0.jpg,11,144,72,215,0,0.9835910201072693,300,233
2.jpg,/app/images/30392907/raw/2.jpg,84,15,200,156,0,0.93817538022995,300,225
3.jpg,/app/images/30392907/raw/3.jpg,32,10,208,231,0,0.9212257862091064,300,514
4.jpg,/app/images/30392907/raw/4.jpg,103,0,171,71,0,0.9190877079963684,300,225
