image,image_path,xmin,ymin,xmax,ymax,label,confidence,x_size,y_size
1.jpg,/app/images/22421112/raw/1.jpg,16,6,89,81,0,0.7201491594314575,300,244
0.jpg,/app/images/22421112/raw/0.jpg,168,0,294,140,0,0.8390726447105408,300,198
0.jpg,/app/images/22421112/raw/0.jpg,12,23,159,151,0,0.9900999665260315,300,198
2.jpg,/app/images/22421112/raw/2.jpg,143,8,290,148,0,0.8580451011657715,300,409
3.jpg,/app/images/22421112/raw/3.jpg,137,172,199,218,0,0.4524664282798767,300,360
3.jpg,/app/images/22421112/raw/3.jpg,64,159,137,226,0,0.5933393239974976,300,360
4.jpg,/app/images/22421112/raw/4.jpg,189,6,291,100,0,0.3470429480075836,300,201
4.jpg,/app/images/22421112/raw/4.jpg,105,26,216,122,0,0.7368207573890686,300,201
