image,image_path,xmin,ymin,xmax,ymax,label,confidence,x_size,y_size
1.jpg,/app/images/29407646/raw/1.jpg,105,161,209,272,0,0.9768316149711609,300,532
0.jpg,/app/images/29407646/raw/0.jpg,50,102,166,186,0,0.5660167336463928,300,400
2.jpg,/app/images/29407646/raw/2.jpg,138,22,291,165,0,0.983538806438446,300,225
3.jpg,/app/images/29407646/raw/3.jpg,128,27,300,172,0,0.9898629784584045,300,225
4.jpg,/app/images/29407646/raw/4.jpg,82,117,147,187,0,0.9070548415184021,300,399
