image,image_path,xmin,ymin,xmax,ymax,label,confidence,x_size,y_size
1.jpg,/app/images/24332457/raw/1.jpg,121,27,282,190,0,0.9258068203926086,300,390
0.jpg,/app/images/24332457/raw/0.jpg,25,58,260,311,0,0.9884963631629944,300,441
2.jpg,/app/images/24332457/raw/2.jpg,112,70,252,173,0,0.9572780132293701,300,225
3.jpg,/app/images/24332457/raw/3.jpg,41,10,199,204,0,0.9168983101844788,300,450
4.jpg,/app/images/24332457/raw/4.jpg,49,54,238,243,0,0.9763358235359192,300,418
