image,image_path,xmin,ymin,xmax,ymax,label,confidence,x_size,y_size
1.jpg,/app/images/30930971/raw/1.jpg,18,15,182,186,0,0.9844314455986023,300,287
0.jpg,/app/images/30930971/raw/0.jpg,45,21,278,282,0,0.9996308088302612,300,326
2.jpg,/app/images/30930971/raw/2.jpg,5,6,127,105,0,0.9098814129829407,300,275
3.jpg,/app/images/30930971/raw/3.jpg,93,41,238,237,0,0.9095171689987183,300,300
4.jpg,/app/images/30930971/raw/4.jpg,39,32,115,88,0,0.2706645429134369,300,300
