image,image_path,xmin,ymin,xmax,ymax,label,confidence,x_size,y_size
1.jpg,/app/images/15322836/raw/1.jpg,166,46,220,118,0,0.9726293683052063,300,225
5.jpg,/app/images/15322836/raw/5.jpg,51,173,132,275,0,0.9506080746650696,300,533
0.jpg,/app/images/15322836/raw/0.jpg,165,6,291,122,0,0.9570348262786865,300,225
2.jpg,/app/images/15322836/raw/2.jpg,20,3,257,212,0,0.9997677803039551,300,367
3.jpg,/app/images/15322836/raw/3.jpg,128,47,252,188,0,0.9797201156616211,300,533
4.jpg,/app/images/15322836/raw/4.jpg,62,109,190,216,0,0.9633899927139282,300,533
