image,image_path,xmin,ymin,xmax,ymax,label,confidence,x_size,y_size
1.jpg,/app/images/21095222/raw/1.jpg,6,19,107,134,0,0.7181247472763062,300,207
0.jpg,/app/images/21095222/raw/0.jpg,39,1,148,114,0,0.9661670327186584,300,200
2.jpg,/app/images/21095222/raw/2.jpg,86,68,229,210,0,0.9904360771179199,300,318
3.jpg,/app/images/21095222/raw/3.jpg,110,23,245,194,0,0.9453566670417786,300,360
4.jpg,/app/images/21095222/raw/4.jpg,71,132,180,280,0,0.9451337456703186,300,533
