image,image_path,xmin,ymin,xmax,ymax,label,confidence,x_size,y_size
1.jpg,/app/images/28737923/raw/1.jpg,134,42,256,153,0,0.8855059146881104,300,225
0.jpg,/app/images/28737923/raw/0.jpg,58,12,205,162,0,0.8865436911582947,300,400
2.jpg,/app/images/28737923/raw/2.jpg,28,17,252,265,0,0.9968352913856506,300,316
3.jpg,/app/images/28737923/raw/3.jpg,52,44,203,161,0,0.9883740544319153,300,318
4.jpg,/app/images/28737923/raw/4.jpg,49,47,230,240,0,0.9506204128265381,300,400
