image,image_path,xmin,ymin,xmax,ymax,label,confidence,x_size,y_size
1.jpg,/app/images/31444970/raw/1.jpg,5,18,108,127,0,0.7944260835647583,300,204
0.jpg,/app/images/31444970/raw/0.jpg,36,60,248,263,0,0.9805426597595215,300,519
2.jpg,/app/images/31444970/raw/2.jpg,6,15,110,117,0,0.6802898049354553,300,198
3.jpg,/app/images/31444970/raw/3.jpg,80,34,255,241,0,0.744045615196228,300,477
4.jpg,/app/images/31444970/raw/4.jpg,41,59,219,244,0,0.9696462154388428,300,466
