image,image_path,xmin,ymin,xmax,ymax,label,confidence,x_size,y_size
1.jpg,/app/images/13711467/raw/1.jpg,2,39,124,177,0,0.9879356026649475,150,225
5.jpg,/app/images/13711467/raw/5.jpg,75,7,235,151,0,0.9389055967330933,300,400
0.jpg,/app/images/13711467/raw/0.jpg,83,70,164,190,0,0.959308922290802,300,550
2.jpg,/app/images/13711467/raw/2.jpg,158,29,266,133,0,0.9675353765487671,300,202
3.jpg,/app/images/13711467/raw/3.jpg,150,14,257,128,0,0.8878846764564514,300,199
4.jpg,/app/images/13711467/raw/4.jpg,32,8,227,153,0,0.9953679442405701,300,199
