image,image_path,xmin,ymin,xmax,ymax,label,confidence,x_size,y_size
1.jpg,/app/images/31813315/raw/1.jpg,62,0,185,144,0,0.9751299023628235,300,200
5.jpg,/app/images/31813315/raw/5.jpg,181,37,224,115,0,0.5544084310531616,300,216
0.jpg,/app/images/31813315/raw/0.jpg,11,27,158,165,0,0.49449267983436584,300,423
2.jpg,/app/images/31813315/raw/2.jpg,86,60,263,246,0,0.911383330821991,300,430
3.jpg,/app/images/31813315/raw/3.jpg,13,49,175,172,0,0.39076268672943115,300,413
4.jpg,/app/images/31813315/raw/4.jpg,63,2,216,125,0,0.988533616065979,300,225
