image,image_path,xmin,ymin,xmax,ymax,label,confidence,x_size,y_size
1.jpg,/app/images/24013302/raw/1.jpg,86,15,266,196,0,0.889759361743927,300,200
5.jpg,/app/images/24013302/raw/5.jpg,45,24,245,212,0,0.9991955757141113,300,298
0.jpg,/app/images/24013302/raw/0.jpg,24,43,171,189,0,0.8911817073822021,300,221
2.jpg,/app/images/24013302/raw/2.jpg,145,18,258,138,0,0.3686290681362152,300,374
3.jpg,/app/images/24013302/raw/3.jpg,116,12,249,147,0,0.9773989915847778,300,220
4.jpg,/app/images/24013302/raw/4.jpg,46,17,236,184,0,0.9894235134124756,300,330
