image,image_path,xmin,ymin,xmax,ymax,label,confidence,x_size,y_size
1.jpg,/app/images/12865110/raw/1.jpg,150,42,288,202,0,0.669151782989502,300,400
5.jpg,/app/images/12865110/raw/5.jpg,136,55,259,187,0,0.9830434918403625,300,293
0.jpg,/app/images/12865110/raw/0.jpg,85,1,235,187,0,0.9756355285644531,300,400
2.jpg,/app/images/12865110/raw/2.jpg,89,39,251,233,0,0.9750237464904785,300,400
3.jpg,/app/images/12865110/raw/3.jpg,199,2,279,91,0,0.5369296073913574,300,192
4.jpg,/app/images/12865110/raw/4.jpg,57,70,187,195,0,0.7809568047523499,300,322
