image,image_path,xmin,ymin,xmax,ymax,label,confidence,x_size,y_size
1.jpg,/app/images/28844107/raw/1.jpg,155,11,254,117,0,0.8067378401756287,300,287
5.jpg,/app/images/28844107/raw/5.jpg,8,36,256,344,0,0.9977144002914429,300,400
0.jpg,/app/images/28844107/raw/0.jpg,138,13,270,157,0,0.9525200724601746,300,324
2.jpg,/app/images/28844107/raw/2.jpg,76,28,287,346,0,0.9884747266769409,300,400
3.jpg,/app/images/28844107/raw/3.jpg,13,0,300,284,0,0.9984784722328186,300,400
