image,image_path,xmin,ymin,xmax,ymax,label,confidence,x_size,y_size
1.jpg,/app/images/29212639/raw/1.jpg,70,12,197,155,0,0.9682510495185852,300,308
0.jpg,/app/images/29212639/raw/0.jpg,89,25,261,214,0,0.9959980845451355,300,300
2.jpg,/app/images/29212639/raw/2.jpg,173,33,287,142,0,0.31482580304145813,300,282
3.jpg,/app/images/29212639/raw/3.jpg,62,29,214,162,0,0.9756712913513184,300,215
4.jpg,/app/images/29212639/raw/4.jpg,144,50,259,189,0,0.8165687918663025,300,225
