image,image_path,xmin,ymin,xmax,ymax,label,confidence,x_size,y_size
1.jpg,/app/images/11580417/raw/1.jpg,9,38,149,171,0,0.9437589645385742,300,267
0.jpg,/app/images/11580417/raw/0.jpg,105,9,234,156,0,0.8529549241065979,300,298
2.jpg,/app/images/11580417/raw/2.jpg,59,20,171,82,0,0.3691194951534271,300,350
2.jpg,/app/images/11580417/raw/2.jpg,74,115,143,184,0,0.7335342764854431,300,350
3.jpg,/app/images/11580417/raw/3.jpg,168,0,294,140,0,0.8390726447105408,300,198
3.jpg,/app/images/11580417/raw/3.jpg,12,23,159,151,0,0.9900999665260315,300,198
4.jpg,/app/images/11580417/raw/4.jpg,178,107,282,216,0,0.7547472715377808,300,266
