image,image_path,xmin,ymin,xmax,ymax,label,confidence,x_size,y_size
1.jpg,/app/images/15437038/raw/1.jpg,10,4,228,225,0,0.9994273781776428,300,283
5.jpg,/app/images/15437038/raw/5.jpg,17,27,158,144,0,0.9285767078399658,300,191
0.jpg,/app/images/15437038/raw/0.jpg,152,15,269,135,0,0.9010887145996094,300,200
2.jpg,/app/images/15437038/raw/2.jpg,148,26,238,141,0,0.6560202836990356,300,251
3.jpg,/app/images/15437038/raw/3.jpg,141,58,252,176,0,0.7715727090835571,300,275
4.jpg,/app/images/15437038/raw/4.jpg,108,14,210,133,0,0.9274728894233704,300,235
