image,image_path,xmin,ymin,xmax,ymax,label,confidence,x_size,y_size
1.jpg,/app/images/31886025/raw/1.jpg,19,17,152,148,0,0.939342200756073,300,377
5.jpg,/app/images/31886025/raw/5.jpg,138,0,244,114,0,0.9408771395683289,300,199
0.jpg,/app/images/31886025/raw/0.jpg,92,3,189,89,0,0.946693480014801,300,404
2.jpg,/app/images/31886025/raw/2.jpg,40,3,181,139,0,0.6614471077919006,300,492
3.jpg,/app/images/31886025/raw/3.jpg,38,57,249,282,0,0.929490864276886,300,485
4.jpg,/app/images/31886025/raw/4.jpg,38,1,195,151,0,0.9658751487731934,300,199
