image,image_path,xmin,ymin,xmax,ymax,label,confidence,x_size,y_size
1.jpg,/app/images/18699277/raw/1.jpg,188,61,287,166,0,0.7263696193695068,300,252
0.jpg,/app/images/18699277/raw/0.jpg,151,14,283,146,0,0.8897910118103027,300,376
2.jpg,/app/images/18699277/raw/2.jpg,114,16,280,167,0,0.8254879117012024,300,427
3.jpg,/app/images/18699277/raw/3.jpg,132,46,271,130,0,0.4082913398742676,300,200
4.jpg,/app/images/18699277/raw/4.jpg,69,8,215,155,0,0.9757658243179321,300,200
