image,image_path,xmin,ymin,xmax,ymax,label,confidence,x_size,y_size
1.jpg,/app/images/24998357/raw/1.jpg,9,45,148,196,0,0.9577192664146423,300,300
0.jpg,/app/images/24998357/raw/0.jpg,155,8,285,122,0,0.9768604040145874,300,212
2.jpg,/app/images/24998357/raw/2.jpg,20,15,262,266,0,0.9995161294937134,300,300
3.jpg,/app/images/24998357/raw/3.jpg,122,0,240,100,0,0.8861327767372131,300,224
4.jpg,/app/images/24998357/raw/4.jpg,44,18,237,217,0,0.9904154539108276,300,400
