image,image_path,xmin,ymin,xmax,ymax,label,confidence,x_size,y_size
1.jpg,/app/images/27369499/raw/1.jpg,113,0,253,148,0,0.9906857013702393,300,250
5.jpg,/app/images/27369499/raw/5.jpg,52,117,170,249,0,0.8850741386413574,300,450
0.jpg,/app/images/27369499/raw/0.jpg,29,4,175,211,0,0.7906303405761719,300,474
2.jpg,/app/images/27369499/raw/2.jpg,78,21,189,135,0,0.9227256774902344,300,225
3.jpg,/app/images/27369499/raw/3.jpg,40,32,247,240,0,0.9755078554153442,300,450
4.jpg,/app/images/27369499/raw/4.jpg,17,34,81,105,0,0.6615258455276489,300,200
