image,image_path,xmin,ymin,xmax,ymax,label,confidence,x_size,y_size
1.jpg,/app/images/21426854/raw/1.jpg,0,5,201,184,0,0.999790370464325,300,253
5.jpg,/app/images/21426854/raw/5.jpg,66,44,243,236,0,0.9908091425895691,300,324
0.jpg,/app/images/21426854/raw/0.jpg,43,0,273,283,0,0.9426088333129883,300,588
2.jpg,/app/images/21426854/raw/2.jpg,17,25,218,207,0,0.9984570741653442,300,258
3.jpg,/app/images/21426854/raw/3.jpg,15,16,265,298,0,0.986570417881012,300,400
4.jpg,/app/images/21426854/raw/4.jpg,0,2,223,264,0,0.9898419380187988,300,450
