image,image_path,xmin,ymin,xmax,ymax,label,confidence,x_size,y_size
1.jpg,/app/images/31848569/raw/1.jpg,25,25,234,208,0,0.9983057379722595,299,299
0.jpg,/app/images/31848569/raw/0.jpg,7,4,125,111,0,0.9998202323913574,140,135
2.jpg,/app/images/31848569/raw/2.jpg,10,9,150,152,0,0.9694644212722778,300,281
3.jpg,/app/images/31848569/raw/3.jpg,159,0,268,110,0,0.9685922861099243,300,196
4.jpg,/app/images/31848569/raw/4.jpg,124,11,296,168,0,0.9960042834281921,300,231
