image,image_path,xmin,ymin,xmax,ymax,label,confidence,x_size,y_size
1.jpg,/app/images/31430668/raw/1.jpg,8,0,109,110,0,0.6475107073783875,300,232
5.jpg,/app/images/31430668/raw/5.jpg,161,28,248,140,0,0.7232139110565186,300,400
0.jpg,/app/images/31430668/raw/0.jpg,117,5,230,132,0,0.9217113256454468,300,257
2.jpg,/app/images/31430668/raw/2.jpg,160,1,267,102,0,0.7903626561164856,300,218
3.jpg,/app/images/31430668/raw/3.jpg,192,0,278,96,0,0.6540625691413879,300,175
4.jpg,/app/images/31430668/raw/4.jpg,5,0,265,228,0,0.9995498061180115,300,400
