image,image_path,xmin,ymin,xmax,ymax,label,confidence,x_size,y_size
1.jpg,/app/images/29697204/raw/1.jpg,67,13,222,145,0,0.9673391580581665,300,225
2.jpg,/app/images/29697204/raw/2.jpg,118,115,203,192,0,0.5034322142601013,300,225
3.jpg,/app/images/29697204/raw/3.jpg,119,59,185,114,0,0.6384615302085876,300,225
4.jpg,/app/images/29697204/raw/4.jpg,171,13,233,76,0,0.5472632646560669,300,300
4.jpg,/app/images/29697204/raw/4.jpg,9,35,114,157,0,0.6264225840568542,300,300
4.jpg,/app/images/29697204/raw/4.jpg,155,162,230,242,0,0.949360728263855,300,300
