image,image_path,xmin,ymin,xmax,ymax,label,confidence,x_size,y_size
1.jpg,/app/images/31141600/raw/1.jpg,60,37,172,153,0,0.7878785133361816,300,444
5.jpg,/app/images/31141600/raw/5.jpg,53,52,235,234,0,0.9664427042007446,300,400
0.jpg,/app/images/31141600/raw/0.jpg,55,0,290,234,0,0.9972854256629944,300,400
2.jpg,/app/images/31141600/raw/2.jpg,152,11,260,117,0,0.9606656432151794,300,225
3.jpg,/app/images/31141600/raw/3.jpg,60,0,283,225,0,0.9999010562896729,300,265
4.jpg,/app/images/31141600/raw/4.jpg,96,18,269,205,0,0.9876278638839722,300,400
