image,image_path,xmin,ymin,xmax,ymax,label,confidence,x_size,y_size
1.jpg,/app/images/29559237/raw/1.jpg,100,49,179,120,0,0.8303237557411194,300,200
5.jpg,/app/images/29559237/raw/5.jpg,155,125,240,195,0,0.8380981683731079,300,314
5.jpg,/app/images/29559237/raw/5.jpg,163,20,222,80,0,0.9395066499710083,300,314
0.jpg,/app/images/29559237/raw/0.jpg,22,65,116,136,0,0.8183360695838928,300,256
2.jpg,/app/images/29559237/raw/2.jpg,132,42,184,106,0,0.9811584949493408,300,199
2.jpg,/app/images/29559237/raw/2.jpg,206,65,264,123,0,0.9832562804222107,300,199
3.jpg,/app/images/29559237/raw/3.jpg,119,24,185,88,0,0.9801483154296875,300,200
4.jpg,/app/images/29559237/raw/4.jpg,76,76,183,162,0,0.6932857036590576,300,400
