image,image_path,xmin,ymin,xmax,ymax,label,confidence,x_size,y_size
1.jpg,/app/images/24866111/raw/1.jpg,115,40,159,100,0,0.9358572959899902,300,225
0.jpg,/app/images/24866111/raw/0.jpg,52,71,156,156,0,0.7166276574134827,300,296
2.jpg,/app/images/24866111/raw/2.jpg,144,34,201,91,0,0.9321737885475159,221,166
3.jpg,/app/images/24866111/raw/3.jpg,107,52,175,123,0,0.4230861961841583,221,166
3.jpg,/app/images/24866111/raw/3.jpg,7,9,51,62,0,0.9690965414047241,221,166
4.jpg,/app/images/24866111/raw/4.jpg,78,0,228,149,0,0.9767597913742065,300,275
