image,image_path,xmin,ymin,xmax,ymax,label,confidence,x_size,y_size
1.jpg,/app/images/25152847/raw/1.jpg,78,0,227,152,0,0.9818813800811768,300,200
0.jpg,/app/images/25152847/raw/0.jpg,143,11,281,167,0,0.9719986915588379,300,200
2.jpg,/app/images/25152847/raw/2.jpg,122,14,187,80,0,0.8068155646324158,300,200
3.jpg,/app/images/25152847/raw/3.jpg,108,0,166,79,0,0.9874448776245117,300,199
4.jpg,/app/images/25152847/raw/4.jpg,60,34,176,123,0,0.7102977633476257,300,200
