image,image_path,xmin,ymin,xmax,ymax,label,confidence,x_size,y_size
1.jpg,/app/images/27099273/raw/1.jpg,14,47,124,148,0,0.5134881734848022,300,281
5.jpg,/app/images/27099273/raw/5.jpg,112,59,172,126,0,0.8879336714744568,300,400
0.jpg,/app/images/27099273/raw/0.jpg,75,26,156,87,0,0.8531674146652222,300,168
2.jpg,/app/images/27099273/raw/2.jpg,108,4,176,81,0,0.4870578944683075,300,168
3.jpg,/app/images/27099273/raw/3.jpg,23,60,105,118,0,0.34678515791893005,300,247
3.jpg,/app/images/27099273/raw/3.jpg,78,42,192,135,0,0.6428903341293335,300,247
4.jpg,/app/images/27099273/raw/4.jpg,62,7,114,49,0,0.4550414979457855,300,210
4.jpg,/app/images/27099273/raw/4.jpg,41,38,113,106,0,0.7459965944290161,300,210
