image,image_path,xmin,ymin,xmax,ymax,label,confidence,x_size,y_size
1.jpg,/app/images/24355557/raw/1.jpg,126,19,211,118,0,0.6242120862007141,300,341
0.jpg,/app/images/24355557/raw/0.jpg,98,35,244,173,0,0.6950677037239075,300,400
2.jpg,/app/images/24355557/raw/2.jpg,106,126,173,212,0,0.9740478992462158,300,400
3.jpg,/app/images/24355557/raw/3.jpg,98,146,184,224,0,0.27969232201576233,300,400
3.jpg,/app/images/24355557/raw/3.jpg,140,101,190,183,0,0.8495041131973267,300,400
4.jpg,/app/images/24355557/raw/4.jpg,102,94,234,191,0,0.7501768469810486,300,400
