image,image_path,xmin,ymin,xmax,ymax,label,confidence,x_size,y_size
1.jpg,/app/images/18575887/raw/1.jpg,48,18,217,232,0,0.9792042374610901,300,444
0.jpg,/app/images/18575887/raw/0.jpg,142,3,263,107,0,0.9645012021064758,300,232
2.jpg,/app/images/18575887/raw/2.jpg,28,104,200,267,0,0.9414430856704712,213,445
3.jpg,/app/images/18575887/raw/3.jpg,59,25,296,238,0,0.9988219738006592,300,400
4.jpg,/app/images/18575887/raw/4.jpg,99,23,273,202,0,0.9902375340461731,300,357
