image,image_path,xmin,ymin,xmax,ymax,label,confidence,x_size,y_size
1.jpg,/app/images/20640717/raw/1.jpg,85,14,148,91,0,0.9727375507354736,300,225
0.jpg,/app/images/20640717/raw/0.jpg,171,172,290,328,0,0.9059286713600159,300,617
2.jpg,/app/images/20640717/raw/2.jpg,101,51,211,146,0,0.3558962941169739,300,225
3.jpg,/app/images/20640717/raw/3.jpg,172,72,244,122,0,0.9248118996620178,300,225
4.jpg,/app/images/20640717/raw/4.jpg,28,28,129,129,0,0.6206031441688538,300,168
