image,image_path,xmin,ymin,xmax,ymax,label,confidence,x_size,y_size
1.jpg,/app/images/17877026/raw/1.jpg,69,20,194,143,0,0.9840448498725891,300,272
0.jpg,/app/images/17877026/raw/0.jpg,49,33,92,97,0,0.9351539015769958,300,199
2.jpg,/app/images/17877026/raw/2.jpg,24,16,167,150,0,0.9593870043754578,300,359
3.jpg,/app/images/17877026/raw/3.jpg,57,10,157,104,0,0.8290548920631409,300,199
4.jpg,/app/images/17877026/raw/4.jpg,16,46,74,121,0,0.9184424877166748,300,199
