image,image_path,xmin,ymin,xmax,ymax,label,confidence,x_size,y_size
1.jpg,/app/images/31880640/raw/1.jpg,44,23,233,221,0,0.7325270771980286,300,554
5.jpg,/app/images/31880640/raw/5.jpg,136,1,285,177,0,0.9373193383216858,300,337
0.jpg,/app/images/31880640/raw/0.jpg,55,20,210,189,0,0.5199809074401855,300,468
2.jpg,/app/images/31880640/raw/2.jpg,59,38,284,291,0,0.9791378378868103,300,502
3.jpg,/app/images/31880640/raw/3.jpg,52,17,166,166,0,0.7529797554016113,300,438
4.jpg,/app/images/31880640/raw/4.jpg,45,17,201,189,0,0.6124754548072815,300,478
