image,image_path,xmin,ymin,xmax,ymax,label,confidence,x_size,y_size
1.jpg,/app/images/31364453/raw/1.jpg,225,10,286,56,0,0.5538579821586609,300,153
0.jpg,/app/images/31364453/raw/0.jpg,74,7,189,126,0,0.9737350940704346,300,225
2.jpg,/app/images/31364453/raw/2.jpg,77,16,289,211,0,0.9996479749679565,300,318
3.jpg,/app/images/31364453/raw/3.jpg,97,178,289,374,0,0.7600691318511963,300,488
4.jpg,/app/images/31364453/raw/4.jpg,33,117,176,248,0,0.9534517526626587,300,328
