image,image_path,xmin,ymin,xmax,ymax,label,confidence,x_size,y_size
1.jpg,/app/images/16807081/raw/1.jpg,67,28,190,146,0,0.9672257900238037,300,225
5.jpg,/app/images/16807081/raw/5.jpg,37,11,230,190,0,0.8714731335639954,256,420
0.jpg,/app/images/16807081/raw/0.jpg,13,1,252,228,0,0.9991366863250732,300,400
2.jpg,/app/images/16807081/raw/2.jpg,18,27,141,132,0,0.9709449410438538,300,225
3.jpg,/app/images/16807081/raw/3.jpg,13,13,198,232,0,0.9818789958953857,236,420
4.jpg,/app/images/16807081/raw/4.jpg,37,11,230,190,0,0.8714731335639954,256,420
