image,image_path,xmin,ymin,xmax,ymax,label,confidence,x_size,y_size
1.jpg,/app/images/26958111/raw/1.jpg,34,17,238,182,0,0.9998161792755127,300,290
0.jpg,/app/images/26958111/raw/0.jpg,40,35,146,138,0,0.48141446709632874,300,240
2.jpg,/app/images/26958111/raw/2.jpg,30,3,251,189,0,0.999935507774353,300,245
3.jpg,/app/images/26958111/raw/3.jpg,204,89,273,168,0,0.929122805595398,300,383
4.jpg,/app/images/26958111/raw/4.jpg,42,13,131,132,0,0.7375735640525818,300,231
