image,image_path,xmin,ymin,xmax,ymax,label,confidence,x_size,y_size
1.jpg,/app/images/23795363/raw/1.jpg,43,0,192,149,0,0.9874800443649292,300,201
5.jpg,/app/images/23795363/raw/5.jpg,171,64,249,149,0,0.9783405065536499,300,400
0.jpg,/app/images/23795363/raw/0.jpg,80,24,207,144,0,0.9884377121925354,300,225
3.jpg,/app/images/23795363/raw/3.jpg,10,93,144,183,0,0.6309117078781128,300,400
4.jpg,/app/images/23795363/raw/4.jpg,66,44,198,129,0,0.6851709485054016,300,400
