image,image_path,xmin,ymin,xmax,ymax,label,confidence,x_size,y_size
1.jpg,/app/images/24364244/raw/1.jpg,175,44,206,76,0,0.3162928521633148,300,225
1.jpg,/app/images/24364244/raw/1.jpg,219,107,283,180,0,0.9571114182472229,300,225
0.jpg,/app/images/24364244/raw/0.jpg,64,41,203,187,0,0.9346877336502075,300,399
2.jpg,/app/images/24364244/raw/2.jpg,72,32,243,220,0,0.9830622673034668,300,375
3.jpg,/app/images/24364244/raw/3.jpg,52,4,154,114,0,0.8971683979034424,300,200
4.jpg,/app/images/24364244/raw/4.jpg,87,33,174,105,0,0.7885594964027405,300,399
