image,image_path,xmin,ymin,xmax,ymax,label,confidence,x_size,y_size
0.jpg,/app/images/26864162/raw/0.jpg,12,4,150,139,0,0.7408372163772583,300,167
0.jpg,/app/images/26864162/raw/0.jpg,142,29,292,158,0,0.9581289291381836,300,167
2.jpg,/app/images/26864162/raw/2.jpg,35,28,157,134,0,0.8083797097206116,300,225
3.jpg,/app/images/26864162/raw/3.jpg,108,70,221,187,0,0.963627815246582,300,277
4.jpg,/app/images/26864162/raw/4.jpg,35,13,201,191,0,0.9876368641853333,300,341
