image,image_path,xmin,ymin,xmax,ymax,label,confidence,x_size,y_size
1.jpg,/app/images/30837361/raw/1.jpg,48,0,235,157,0,0.9700973033905029,300,200
0.jpg,/app/images/30837361/raw/0.jpg,38,0,277,250,0,0.9991130828857422,300,284
2.jpg,/app/images/30837361/raw/2.jpg,165,112,300,224,0,0.9410982131958008,300,367
3.jpg,/app/images/30837361/raw/3.jpg,45,47,108,111,0,0.530771791934967,300,188
4.jpg,/app/images/30837361/raw/4.jpg,8,0,149,126,0,0.9787615537643433,300,305
