image,image_path,xmin,ymin,xmax,ymax,label,confidence,x_size,y_size
1.jpg,/app/images/27010413/raw/1.jpg,31,15,230,232,0,0.9624412655830383,300,481
5.jpg,/app/images/27010413/raw/5.jpg,148,0,257,117,0,0.9496709108352661,300,180
0.jpg,/app/images/27010413/raw/0.jpg,91,3,217,131,0,0.9562594294548035,300,258
2.jpg,/app/images/27010413/raw/2.jpg,39,42,175,175,0,0.9659637808799744,300,315
3.jpg,/app/images/27010413/raw/3.jpg,25,25,229,211,0,0.9964572191238403,300,306
4.jpg,/app/images/27010413/raw/4.jpg,157,20,270,113,0,0.7312172651290894,300,164
