image,image_path,xmin,ymin,xmax,ymax,label,confidence,x_size,y_size
0.jpg,/opt/project/images/49782535/raw/0.jpg,45,1,207,145,0,0.595561146736145,300,401
1.jpg,/opt/project/images/49782535/raw/1.jpg,134,0,269,130,0,0.9232611656188965,300,184
2.jpg,/opt/project/images/49782535/raw/2.jpg,183,0,263,104,0,0.2979714274406433,300,169
3.jpg,/opt/project/images/49782535/raw/3.jpg,36,18,195,166,0,0.7593885064125061,300,406
4.jpg,/opt/project/images/49782535/raw/4.jpg,41,102,214,232,0,0.44270387291908264,300,410
