image,image_path,xmin,ymin,xmax,ymax,label,confidence,x_size,y_size
1.jpg,/app/images/30089159/raw/1.jpg,45,58,107,119,0,0.2957661747932434,300,300
1.jpg,/app/images/30089159/raw/1.jpg,122,5,229,115,0,0.7093791961669922,300,300
5.jpg,/app/images/30089159/raw/5.jpg,119,37,247,137,0,0.964339554309845,300,206
0.jpg,/app/images/30089159/raw/0.jpg,45,1,187,157,0,0.903738796710968,300,300
2.jpg,/app/images/30089159/raw/2.jpg,16,46,119,111,0,0.6175577044487,300,338
3.jpg,/app/images/30089159/raw/3.jpg,150,5,253,112,0,0.8629210591316223,300,274
4.jpg,/app/images/30089159/raw/4.jpg,46,119,115,191,0,0.4508897066116333,300,300
4.jpg,/app/images/30089159/raw/4.jpg,163,31,268,134,0,0.8200882077217102,300,300
