image,image_path,xmin,ymin,xmax,ymax,label,confidence,x_size,y_size
1.jpg,/app/images/30171439/raw/1.jpg,41,31,270,252,0,0.9899168610572815,300,400
5.jpg,/app/images/30171439/raw/5.jpg,58,14,250,202,0,0.9618116021156311,300,400
0.jpg,/app/images/30171439/raw/0.jpg,34,152,137,264,0,0.8497617840766907,300,399
3.jpg,/app/images/30171439/raw/3.jpg,58,56,153,169,0,0.6757944226264954,300,400
4.jpg,/app/images/30171439/raw/4.jpg,71,22,251,195,0,0.9842334389686584,300,400
