image,image_path,xmin,ymin,xmax,ymax,label,confidence,x_size,y_size
1.jpg,/app/images/12562173/raw/1.jpg,174,60,262,133,0,0.6746242642402649,300,168
5.jpg,/app/images/12562173/raw/5.jpg,80,30,208,161,0,0.8984400629997253,300,234
0.jpg,/app/images/12562173/raw/0.jpg,125,73,256,243,0,0.6623038053512573,300,400
2.jpg,/app/images/12562173/raw/2.jpg,15,0,260,220,0,0.9956340193748474,300,400
3.jpg,/app/images/12562173/raw/3.jpg,132,8,213,69,0,0.7107807397842407,300,159
4.jpg,/app/images/12562173/raw/4.jpg,118,51,208,175,0,0.5487470626831055,300,400
