image,image_path,xmin,ymin,xmax,ymax,label,confidence,x_size,y_size
1.jpg,/app/images/16622423/raw/1.jpg,35,46,251,286,0,0.9830397963523865,300,418
0.jpg,/app/images/16622423/raw/0.jpg,58,16,218,146,0,0.9886285662651062,300,344
2.jpg,/app/images/16622423/raw/2.jpg,9,16,91,157,0,0.4139206111431122,300,187
3.jpg,/app/images/16622423/raw/3.jpg,165,0,224,40,0,0.31302687525749207,300,272
3.jpg,/app/images/16622423/raw/3.jpg,8,0,150,144,0,0.993699848651886,300,272
4.jpg,/app/images/16622423/raw/4.jpg,123,17,183,79,0,0.9758544564247131,300,200
