image,image_path,xmin,ymin,xmax,ymax,label,confidence,x_size,y_size
1.jpg,/app/images/19855199/raw/1.jpg,38,20,250,234,0,0.9687378406524658,300,450
5.jpg,/app/images/19855199/raw/5.jpg,84,6,199,110,0,0.9599536657333374,300,199
0.jpg,/app/images/19855199/raw/0.jpg,85,8,199,123,0,0.9319896101951599,300,199
2.jpg,/app/images/19855199/raw/2.jpg,40,22,126,87,0,0.967173159122467,300,199
3.jpg,/app/images/19855199/raw/3.jpg,75,8,244,172,0,0.9983922839164734,300,199
4.jpg,/app/images/19855199/raw/4.jpg,19,45,99,109,0,0.6595346331596375,300,200
