image,image_path,xmin,ymin,xmax,ymax,label,confidence,x_size,y_size
1.jpg,/app/images/31706831/raw/1.jpg,127,9,265,149,0,0.980339527130127,300,200
0.jpg,/app/images/31706831/raw/0.jpg,70,32,214,180,0,0.9709457159042358,300,327
2.jpg,/app/images/31706831/raw/2.jpg,28,3,285,274,0,0.9993200898170471,300,333
3.jpg,/app/images/31706831/raw/3.jpg,128,13,260,132,0,0.8357938528060913,300,213
4.jpg,/app/images/31706831/raw/4.jpg,40,12,197,206,0,0.9642964005470276,300,403
