image,image_path,xmin,ymin,xmax,ymax,label,confidence,x_size,y_size
1.jpg,/app/images/28471141/raw/1.jpg,77,59,173,149,0,0.6263276934623718,300,225
5.jpg,/app/images/28471141/raw/5.jpg,215,12,291,104,0,0.42668819427490234,300,183
0.jpg,/app/images/28471141/raw/0.jpg,14,18,274,305,0,0.999632716178894,300,380
2.jpg,/app/images/28471141/raw/2.jpg,32,14,245,251,0,0.90000981092453,265,500
3.jpg,/app/images/28471141/raw/3.jpg,113,16,286,199,0,0.9944588541984558,300,337
4.jpg,/app/images/28471141/raw/4.jpg,190,0,284,114,0,0.9135761857032776,300,195
