image,image_path,xmin,ymin,xmax,ymax,label,confidence,x_size,y_size
1.jpg,/app/images/24998960/raw/1.jpg,141,0,254,107,0,0.9306296110153198,300,168
5.jpg,/app/images/24998960/raw/5.jpg,119,124,205,258,0,0.900942862033844,300,637
0.jpg,/app/images/24998960/raw/0.jpg,120,0,239,119,0,0.9742740988731384,300,168
2.jpg,/app/images/24998960/raw/2.jpg,113,52,220,183,0,0.7137357592582703,300,300
3.jpg,/app/images/24998960/raw/3.jpg,50,13,201,184,0,0.8716500401496887,300,419
4.jpg,/app/images/24998960/raw/4.jpg,38,14,247,224,0,0.9661664366722107,300,421
