image,image_path,xmin,ymin,xmax,ymax,label,confidence,x_size,y_size
1.jpg,/app/images/29087326/raw/1.jpg,21,44,83,125,0,0.5364744663238525,300,145
5.jpg,/app/images/29087326/raw/5.jpg,17,87,156,248,0,0.6271984577178955,300,403
0.jpg,/app/images/29087326/raw/0.jpg,76,2,167,99,0,0.62949538230896,300,263
2.jpg,/app/images/29087326/raw/2.jpg,21,8,95,83,0,0.7179767489433289,300,214
3.jpg,/app/images/29087326/raw/3.jpg,15,1,138,129,0,0.9393919110298157,300,316
4.jpg,/app/images/29087326/raw/4.jpg,30,0,135,122,0,0.9053775668144226,300,276
