image,image_path,xmin,ymin,xmax,ymax,label,confidence,x_size,y_size
1.jpg,/app/images/30586801/raw/1.jpg,50,11,155,111,0,0.812651515007019,300,225
5.jpg,/app/images/30586801/raw/5.jpg,92,29,196,105,0,0.395612508058548,300,225
0.jpg,/app/images/30586801/raw/0.jpg,17,76,79,140,0,0.4156489074230194,300,300
2.jpg,/app/images/30586801/raw/2.jpg,71,0,165,96,0,0.5875394344329834,300,225
3.jpg,/app/images/30586801/raw/3.jpg,57,3,105,66,0,0.9227694272994995,300,300
3.jpg,/app/images/30586801/raw/3.jpg,219,185,283,239,0,0.9748520851135254,300,300
4.jpg,/app/images/30586801/raw/4.jpg,103,34,234,173,0,0.9615632891654968,300,300
