image,image_path,xmin,ymin,xmax,ymax,label,confidence,x_size,y_size
1.jpg,/app/images/28464828/raw/1.jpg,3,6,177,174,0,0.9980925917625427,300,204
0.jpg,/app/images/28464828/raw/0.jpg,64,15,255,194,0,0.9997581839561462,300,240
2.jpg,/app/images/28464828/raw/2.jpg,3,17,169,185,0,0.9963754415512085,300,216
3.jpg,/app/images/28464828/raw/3.jpg,41,13,219,178,0,0.9963723421096802,300,225
4.jpg,/app/images/28464828/raw/4.jpg,42,27,111,101,0,0.6788058876991272,300,225
