image,image_path,xmin,ymin,xmax,ymax,label,confidence,x_size,y_size
1.jpg,/app/images/30594236/raw/1.jpg,28,0,220,154,0,0.9974785447120667,300,168
0.jpg,/app/images/30594236/raw/0.jpg,190,11,299,112,0,0.9503628611564636,300,294
2.jpg,/app/images/30594236/raw/2.jpg,64,41,173,172,0,0.5523892045021057,300,400
2.jpg,/app/images/30594236/raw/2.jpg,175,64,248,147,0,0.6753243803977966,300,400
3.jpg,/app/images/30594236/raw/3.jpg,131,9,192,72,0,0.9444723129272461,300,168
4.jpg,/app/images/30594236/raw/4.jpg,181,11,291,131,0,0.9637942910194397,300,304
