image,image_path,xmin,ymin,xmax,ymax,label,confidence,x_size,y_size
1.jpg,/app/images/28870960/raw/1.jpg,100,5,167,66,0,0.9484996199607849,300,168
5.jpg,/app/images/28870960/raw/5.jpg,40,13,134,127,0,0.7253779768943787,300,300
0.jpg,/app/images/28870960/raw/0.jpg,82,20,209,145,0,0.7085201144218445,300,349
2.jpg,/app/images/28870960/raw/2.jpg,77,16,187,141,0,0.6788520216941833,300,335
3.jpg,/app/images/28870960/raw/3.jpg,82,12,188,129,0,0.8918092250823975,300,300
4.jpg,/app/images/28870960/raw/4.jpg,87,26,225,179,0,0.9789082407951355,300,219
