image,image_path,xmin,ymin,xmax,ymax,label,confidence,x_size,y_size
1.jpg,/app/images/27144817/raw/1.jpg,124,0,258,143,0,0.9400277733802795,300,225
0.jpg,/app/images/27144817/raw/0.jpg,31,6,284,278,0,0.9988610744476318,300,300
2.jpg,/app/images/27144817/raw/2.jpg,153,49,267,167,0,0.9293512105941772,300,300
3.jpg,/app/images/27144817/raw/3.jpg,17,85,153,229,0,0.9777299761772156,300,300
4.jpg,/app/images/27144817/raw/4.jpg,0,55,218,264,0,0.9997008442878723,300,300
