image,image_path,xmin,ymin,xmax,ymax,label,confidence,x_size,y_size
1.jpg,/app/images/20520055/raw/1.jpg,48,16,153,125,0,0.8585332036018372,300,225
0.jpg,/app/images/20520055/raw/0.jpg,55,15,219,191,0,0.998275101184845,300,300
2.jpg,/app/images/20520055/raw/2.jpg,180,17,289,109,0,0.6876610517501831,300,254
2.jpg,/app/images/20520055/raw/2.jpg,29,126,101,210,0,0.6999654769897461,300,254
3.jpg,/app/images/20520055/raw/3.jpg,38,48,162,186,0,0.9613468647003174,300,300
4.jpg,/app/images/20520055/raw/4.jpg,16,6,244,232,0,0.9994352459907532,300,300
