image,image_path,xmin,ymin,xmax,ymax,label,confidence,x_size,y_size
1.jpg,/app/images/20794449/raw/1.jpg,75,11,241,175,0,0.999110221862793,300,288
5.jpg,/app/images/20794449/raw/5.jpg,184,32,284,143,0,0.6529416441917419,300,200
0.jpg,/app/images/20794449/raw/0.jpg,44,25,152,121,0,0.5304111242294312,300,208
2.jpg,/app/images/20794449/raw/2.jpg,140,0,284,199,0,0.9907099008560181,300,221
3.jpg,/app/images/20794449/raw/3.jpg,19,9,176,152,0,0.987041711807251,300,199
4.jpg,/app/images/20794449/raw/4.jpg,37,29,139,105,0,0.4548708498477936,300,188
