image,image_path,xmin,ymin,xmax,ymax,label,confidence,x_size,y_size
1.jpg,/app/images/31430661/raw/1.jpg,135,8,248,111,0,0.9021103978157043,300,293
5.jpg,/app/images/31430661/raw/5.jpg,39,3,136,102,0,0.7155836224555969,300,200
0.jpg,/app/images/31430661/raw/0.jpg,20,11,213,228,0,0.7816353440284729,300,601
2.jpg,/app/images/31430661/raw/2.jpg,55,20,159,220,0,0.6612517833709717,300,428
3.jpg,/app/images/31430661/raw/3.jpg,20,13,220,242,0,0.8034899234771729,300,628
4.jpg,/app/images/31430661/raw/4.jpg,115,13,245,121,0,0.8095652461051941,300,347
