image,image_path,xmin,ymin,xmax,ymax,label,confidence,x_size,y_size
1.jpg,/app/images/28240759/raw/1.jpg,70,23,249,208,0,0.997456967830658,300,296
0.jpg,/app/images/28240759/raw/0.jpg,74,17,188,148,0,0.9772737622261047,300,300
2.jpg,/app/images/28240759/raw/2.jpg,73,17,187,141,0,0.9568737745285034,300,300
3.jpg,/app/images/28240759/raw/3.jpg,66,33,245,214,0,0.9970346093177795,300,300
4.jpg,/app/images/28240759/raw/4.jpg,12,94,124,222,0,0.37674638628959656,300,400
4.jpg,/app/images/28240759/raw/4.jpg,113,143,248,274,0,0.7995063662528992,300,400
