image,image_path,xmin,ymin,xmax,ymax,label,confidence,x_size,y_size
1.jpg,/app/images/30651656/raw/1.jpg,20,13,153,150,0,0.9395891427993774,300,248
0.jpg,/app/images/30651656/raw/0.jpg,30,60,233,272,0,0.9858744144439697,300,395
2.jpg,/app/images/30651656/raw/2.jpg,6,25,172,180,0,0.9924091696739197,300,235
3.jpg,/app/images/30651656/raw/3.jpg,28,12,210,128,0,0.9401895999908447,300,232
4.jpg,/app/images/30651656/raw/4.jpg,32,21,205,123,0,0.9359014630317688,300,229
