image,image_path,xmin,ymin,xmax,ymax,label,confidence,x_size,y_size
1.jpg,/app/images/13682173/raw/1.jpg,0,4,289,364,0,0.9994603991508484,300,420
0.jpg,/app/images/13682173/raw/0.jpg,0,0,293,328,0,0.9989660978317261,300,357
2.jpg,/app/images/13682173/raw/2.jpg,48,0,270,198,0,0.9995152950286865,300,225
3.jpg,/app/images/13682173/raw/3.jpg,199,53,263,120,0,0.26174965500831604,300,225
3.jpg,/app/images/13682173/raw/3.jpg,120,13,194,77,0,0.45675259828567505,300,225
4.jpg,/app/images/13682173/raw/4.jpg,0,5,270,354,0,0.7567897439002991,300,837
