image,image_path,xmin,ymin,xmax,ymax,label,confidence,x_size,y_size
1.jpg,/app/images/31364464/raw/1.jpg,83,0,160,94,0,0.5128408670425415,300,168
5.jpg,/app/images/31364464/raw/5.jpg,141,69,192,115,0,0.8089663982391357,300,200
0.jpg,/app/images/31364464/raw/0.jpg,105,12,180,90,0,0.971717357635498,300,200
2.jpg,/app/images/31364464/raw/2.jpg,77,116,185,217,0,0.82370924949646,300,400
3.jpg,/app/images/31364464/raw/3.jpg,69,72,192,197,0,0.5342945456504822,300,400
4.jpg,/app/images/31364464/raw/4.jpg,67,177,110,225,0,0.9256765246391296,300,299
