image,image_path,xmin,ymin,xmax,ymax,label,confidence,x_size,y_size
1.jpg,/app/images/28471896/raw/1.jpg,117,107,186,165,0,0.7699987888336182,300,300
5.jpg,/app/images/28471896/raw/5.jpg,76,51,238,191,0,0.7711301445960999,300,375
0.jpg,/app/images/28471896/raw/0.jpg,121,1,199,87,0,0.6923250555992126,300,157
2.jpg,/app/images/28471896/raw/2.jpg,0,14,300,234,0,0.9990663528442383,300,291
3.jpg,/app/images/28471896/raw/3.jpg,20,16,176,147,0,0.9632368683815002,300,374
4.jpg,/app/images/28471896/raw/4.jpg,168,63,238,145,0,0.7615291476249695,300,234
