image,image_path,xmin,ymin,xmax,ymax,label,confidence,x_size,y_size
1.jpg,/app/images/32128288/raw/1.jpg,21,6,154,97,0,0.3386989235877991,300,168
5.jpg,/app/images/32128288/raw/5.jpg,84,57,248,221,0,0.6575331091880798,300,450
0.jpg,/app/images/32128288/raw/0.jpg,24,23,212,212,0,0.9980036020278931,300,343
2.jpg,/app/images/32128288/raw/2.jpg,150,32,196,93,0,0.7750089168548584,300,168
3.jpg,/app/images/32128288/raw/3.jpg,86,221,231,345,0,0.25399309396743774,300,533
3.jpg,/app/images/32128288/raw/3.jpg,120,149,209,270,0,0.9382283687591553,300,533
4.jpg,/app/images/32128288/raw/4.jpg,119,0,249,119,0,0.9362120032310486,300,200
