image,image_path,xmin,ymin,xmax,ymax,label,confidence,x_size,y_size
1.jpg,/app/images/17866531/raw/1.jpg,52,5,228,171,0,0.9990886449813843,300,199
0.jpg,/app/images/17866531/raw/0.jpg,32,6,238,209,0,0.9701052308082581,300,450
2.jpg,/app/images/17866531/raw/2.jpg,14,178,128,283,0,0.26526761054992676,300,298
2.jpg,/app/images/17866531/raw/2.jpg,130,24,269,180,0,0.9882481098175049,300,298
3.jpg,/app/images/17866531/raw/3.jpg,106,26,229,186,0,0.5765843987464905,300,450
4.jpg,/app/images/17866531/raw/4.jpg,35,0,195,177,0,0.844163715839386,300,450
