image,image_path,xmin,ymin,xmax,ymax,label,confidence,x_size,y_size
1.jpg,/app/images/27876872/raw/1.jpg,112,0,292,161,0,0.9976847767829895,300,199
0.jpg,/app/images/27876872/raw/0.jpg,41,39,244,245,0,0.9112119674682617,300,533
2.jpg,/app/images/27876872/raw/2.jpg,63,6,230,207,0,0.7413522005081177,252,522
3.jpg,/app/images/27876872/raw/3.jpg,23,15,176,184,0,0.7397019267082214,300,460
4.jpg,/app/images/27876872/raw/4.jpg,16,0,232,235,0,0.9924468398094177,300,403
