image,image_path,xmin,ymin,xmax,ymax,label,confidence,x_size,y_size
1.jpg,/app/images/29681477/raw/1.jpg,70,1,196,108,0,0.9829813241958618,300,225
0.jpg,/app/images/29681477/raw/0.jpg,161,51,275,146,0,0.9679970741271973,300,300
2.jpg,/app/images/29681477/raw/2.jpg,24,28,136,130,0,0.4899904131889343,300,225
3.jpg,/app/images/29681477/raw/3.jpg,49,5,235,163,0,0.9941895008087158,300,225
4.jpg,/app/images/29681477/raw/4.jpg,24,69,98,144,0,0.6418524384498596,300,266
4.jpg,/app/images/29681477/raw/4.jpg,205,110,285,172,0,0.875329315662384,300,266
