image,image_path,xmin,ymin,xmax,ymax,label,confidence,x_size,y_size
1.jpg,/app/images/29704841/raw/1.jpg,44,22,123,127,0,0.8753010630607605,300,285
5.jpg,/app/images/29704841/raw/5.jpg,35,20,260,308,0,0.9636824131011963,280,406
0.jpg,/app/images/29704841/raw/0.jpg,119,183,248,238,0,0.9512153267860413,300,406
2.jpg,/app/images/29704841/raw/2.jpg,121,22,196,93,0,0.6413777470588684,300,163
3.jpg,/app/images/29704841/raw/3.jpg,119,89,251,153,0,0.5384519100189209,300,346
4.jpg,/app/images/29704841/raw/4.jpg,59,33,151,127,0,0.4749962091445923,300,400
