image,image_path,xmin,ymin,xmax,ymax,label,confidence,x_size,y_size
1.jpg,/app/images/15627684/raw/1.jpg,81,12,211,147,0,0.9737293124198914,300,225
5.jpg,/app/images/15627684/raw/5.jpg,78,6,250,213,0,0.918071985244751,300,510
0.jpg,/app/images/15627684/raw/0.jpg,5,8,112,98,0,0.9466778039932251,256,242
2.jpg,/app/images/15627684/raw/2.jpg,14,41,118,139,0,0.8003159165382385,300,200
3.jpg,/app/images/15627684/raw/3.jpg,163,47,280,156,0,0.8906124830245972,300,300
4.jpg,/app/images/15627684/raw/4.jpg,19,7,106,110,0,0.9094898104667664,218,256
