image,image_path,xmin,ymin,xmax,ymax,label,confidence,x_size,y_size
1.jpg,/app/images/28998454/raw/1.jpg,51,22,192,193,0,0.41771170496940613,300,400
5.jpg,/app/images/28998454/raw/5.jpg,62,155,206,277,0,0.5740779638290405,300,400
0.jpg,/app/images/28998454/raw/0.jpg,57,122,253,316,0,0.9912478923797607,300,400
2.jpg,/app/images/28998454/raw/2.jpg,12,87,120,242,0,0.5240601897239685,300,400
2.jpg,/app/images/28998454/raw/2.jpg,87,11,225,145,0,0.7155503034591675,300,400
3.jpg,/app/images/28998454/raw/3.jpg,53,67,283,291,0,0.9989933371543884,300,400
4.jpg,/app/images/28998454/raw/4.jpg,3,17,278,239,0,0.9946384429931641,300,400
